[
	{
		"name" : "offices",
		"name_on_device": "offices",
		"type" : "string",
		"master": "BigIP1",
		"devices": [
			"BigIP1",
			"BigIP2",
			"BigIP3",
			"10.1.1.11"
		]
	},
	{
		"name" : "cloudflare-ranges",
		"name_on_device": "cloudflare-ranges",
		"type" : "string",
		"master": "BigIP2.company.com",
		"devices": [
			"BigIP3",
			"BigIP2",
			"BigIP1"
		]
	},
	{
		"name" : "list2",
		"name_on_device": "list2",
		"type" : "string",
		"master": "BigIP2",
		"devices": [
			"BigIP3",
			"BigIP1"
		]
	},
	{
		"name" : "IP_WL",
		"on_device_name": "IP_WL",
		"type" : "IP",
		"master": "BigIP2",
		"devices": [
			"BigIP2",
			"BigIP1",
			"BigIP3",
			"BigIP2",
			"BigIP1",
			"BigIP3",
			"BigIP2",
			"BigIP1",
			"BigIP3",
			"BigIP2",
			"BigIP1",
			"BigIP3",
			"BigIP2",
			"BigIP1",
			"BigIP3",
			"BigIP2",
			"BigIP1",
			"BigIP3",
			"BigIP2",
			"BigIP1",
			"BigIP3"

		]
	}
]